﻿country;isced0_2;isced3_4;isced5_8
European Union - 27 countries (from 2020);25,7;46,3;28
Euro area – 20 countries (from 2023);27,9;43,5;28,7
Belgium;25,9;38,1;36
Bulgaria;21,9;53,5;24,7
Czech Republic;12,3;66,1;21,6
Denmark;26;40,6;33,4
Germany;19,5;54,5;26
Estonia;17,1;48,2;34,7
Ireland;21;38,3;40,7
Greece;25,9;46,3;27,8
Spain;39,6;25,3;35,1
France;23,4;42,8;33,8
Croatia;18,1;59,9;22
Italy;39,7;42,8;17,5
Cyprus;21,5;38,5;40
Latvia;14,9;53,8;31,4
Lithuania;11,1;51;37,9
Luxembourg;26,7;32,3;41
Hungary;20;57,6;22,5
Malta;38,8;34,1;27
Netherlands;25,5;39,7;34,8
Austria;18,7;50,2;31,1
Poland;13,2;58,2;28,6
Portugal;47,6;28,7;23,8
Romania;25,1;58,9;16
Slovenia;15,8;54,9;29,3
Slovakia;14,5;62,3;23,1
Finland;16,9;44,6;38,5
Sweden;20,8;41,5;37,8
Iceland;27,6;34,6;37,7
Norway;23,7;38,6;37,7
Switzerland;16,5;44,9;38,6
United Kingdom;19,1;40,2;40,6
Montenegro;17,4;60,7;21,8
North Macedonia;30,6;51;18,3
Serbia;22,1;57,3;20,6
Türkiye;60,5;21,1;18,4
