﻿country;nbornforeigncntry;Ntotalpopulation
Belgium;1748748;11180840
Bulgaria;107275;7117453
Czech Republic;396156;10512419
Denmark;569596;5627235
Germany;9807877;80767463
Estonia;196558;1315819
Ireland;754664;4637852
Greece;1265165;10926807
Spain;5958308;46512199
France;7746520;66165980
Croatia;558092;4217632
Italy;5355018;60345917
Cyprus;191587;858000
Latvia;271126;2001468
Lithuania;138297;2974637
Luxembourg;237848;549680
Hungary;447029;9877365
Malta;44149;429424
Netherlands;1953436;16829289
Austria;1414215;8507786
Poland;620308;38017856
Portugal;859065;10427301
Romania;211210;19947311
Slovenia;235310;2061085
Slovakia;174908;5415949
Finland;297812;5451270
Sweden;1532563;9644864
Iceland;37116;325671
Liechtenstein;23424;37129
Norway;704440;5109056
Switzerland;2183206;8139631
United Kingdom;8039324;64351203
