﻿country;gdppercapita
European Union - 27 countries (from 2020);25.420
European Union - 28 countries (2013-2020);26.170
Euro area – 20 countries (from 2023);28.560
Euro area - 19 countries  (2015-2022);28.790
Belgium;33.870
Bulgaria;5.470
Czech Republic;15.670
Denmark;44.870
Germany;33.920
Estonia;12.960
Ireland;40.070
Greece;16.830
Spain;22.220
France;31.580
Croatia;10.510
Italy;25.620
Cyprus;20.310
Latvia;10.270
Lithuania;11.290
Luxembourg;82.590
Hungary;10.790
Malta;18.650
Netherlands;38.580
Austria;36.130
Poland;10.420
Portugal;16.260
Romania;7.160
Slovenia;17.620
Slovakia;13.640
Finland;34.390
Sweden;40.820
Iceland;35.350
Norway;67.830
Switzerland;59.300
United Kingdom;31.290
Montenegro;5.320
North Macedonia;4.030
Albania;3.330
Serbia;4.540
Türkiye;10.050
