﻿country;gini
European Union - 27 countries (from 2020);30,9
European Union - 28 countries (2013-2020);31
European Union - 27 countries (2007-2013);31
Euro area – 20 countries (from 2023);30,9
Euro area - 19 countries  (2015-2022);31
Belgium;25,9
Bulgaria;35,4
Czech Republic;25,1
Denmark;27,7
Germany;30,7
Estonia;35,6
Ireland;31
Greece;34,5
Spain;34,7
France;29,2
Croatia;30,2
Italy;32,4
Cyprus;34,8
Latvia;35,5
Lithuania;35
Luxembourg;28,7
Hungary;28,6
Malta;27,7
Netherlands;26,2
Austria;27,6
Poland;30,8
Portugal;34,5
Romania;35
Slovenia;25
Slovakia;26,1
Finland;25,6
Sweden;26,9
Iceland;22,7
Norway;23,5
Switzerland;29,5
United Kingdom;31,6
Montenegro;36,5
North Macedonia;35,2
Serbia;38,3
Türkiye;41,2
