﻿country;perchighedu
European Union - 27 countries (from 2020);24
Euro area – 20 countries (from 2023);24,7
Belgium;31,8
Bulgaria;23,1
Czech Republic;18,5
Denmark;29
Germany;23,2
Estonia;32,9
Ireland;36,9
Greece;23,9
Spain;30,6
France;29
Croatia;18,3
Italy;14,5
Cyprus;35,3
Latvia;26,4
Lithuania;30,8
Luxembourg;38,7
Hungary;20
Malta;18,5
Netherlands;29,1
Austria;26,8
Poland;23,1
Portugal;18,7
Romania;13,7
Slovenia;24,6
Slovakia;17,7
Finland;34,3
Sweden;32,5
Iceland;29,5
Norway;35,2
Switzerland;32,4
United Kingdom;35,8
Montenegro;20
North Macedonia;15,2
Serbia;17,8
Türkiye;13,3
