﻿country;medianage
European Union - 27 countries (from 2020);42.5
Belgium;41.3
Bulgaria;43.7
Czech Republic;40.8
Denmark;41.3
Germany;45.6
Germany including former GDR;45.6
Estonia;41.3
Ireland;35.8
Greece;42.9
Spain;41.8
France;40.7
Metropolitan France;:
Croatia;42.8
Italy;44.7
Cyprus;36.8
Latvia;42.4
Lithuania;42.1
Luxembourg;39.2
Hungary;41.3
Malta;40.6
Netherlands;42
Austria;42.9
Poland;39.2
Portugal;43.1
Romania;40.8
Slovenia;42.5
Slovakia;38.6
Finland;42.4
Sweden;40.9
European Economic Area (EU28 - 2013-2020 and IS, LI, NO);42.1
European Economic Area (EU27 - 2007-2013 and IS, LI, NO);42.1
European Free Trade Association;40.8
Iceland;35.6
Liechtenstein;42.5
Norway;39
Switzerland;42.1
United Kingdom;39.9
Montenegro;37.4
Moldova;35.1
North Macedonia;37.1
Georgia;37.5
Albania;34.2
Serbia;42.9
Türkiye;30.4
Ukraine;39.8
Belarus;39.4
Russia;38.4
Azerbaijan;30.1
