﻿country;povertyrate
European Union - 27 countries (from 2020);17.3
European Union - 28 countries (2013-2020);17.2
European Union - 27 countries (2007-2013);17.2
Euro area – 20 countries (from 2023);17.2
Euro area - 19 countries  (2015-2022);17.2
Belgium;15.5
Bulgaria;21.8
Czech Republic;9.7
Denmark;12.1
Germany;16.7
Estonia;21.8
Ireland;16.8
Greece;22.1
Spain;22.2
France;13.3
Croatia;19.4
Italy;19.4
Cyprus;14.4
Latvia;21.2
Lithuania;19.1
Luxembourg;16.4
Hungary;15.0
Malta;15.8
Netherlands;11.6
Austria;14.1
Poland;17.0
Portugal;19.5
Romania;25.1
Slovenia;14.5
Slovakia;12.6
Finland;12.8
Sweden;15.6
Iceland;7.9
Norway;10.9
Switzerland;13.8
United Kingdom;16.8
Montenegro;24.1
North Macedonia;22.1
Serbia;25.0
Türkiye;23.0
