﻿country;povertyrate2015;
European Union - 27 countries (from 2020);24,0;
Euro area – 20 countries (from 2023);22.9;
Belgium;21.6;
Bulgaria;43.3;
Czechia;13,0;
Denmark;18.6;
Germany;20,0;
Estonia;23.6;
Ireland;25.4;
Greece;32.4;
Spain;28.7;
France;18.4;
Metropolitan France;:;
Croatia;24.4;
Italy;28.4;
Cyprus;22.8;
Latvia;30,0;
Lithuania;29.4;
Luxembourg;18.4;
Hungary;30.6;
Malta;22.2;
Netherlands;16.4;
Austria;16.9;
Poland;22.5;
Portugal;26.4;
Romania;44.5;
Slovenia;17.7;
Slovakia;17.3;
Finland;16.9;
Sweden;18.2;
Iceland;12.6;
Norway;14.7;
Switzerland;18.2;
United Kingdom;23.1;
Montenegro;:;
North Macedonia;41.2;
Albania;:;
Serbia;41,0;
Türkiye;26.7;
